insert into Shelfs (section, shelfid) values
('Butter',1),
('Drinks',2),
('Vegan',3),
('Gultton free',4),
('Crips',5),
('Jellys',6),
('Chocolate',7),
('Hair products',8),
('Soaps',9),
('Canned goods',10),
('Alchol',11),
('Preservatives',12),
('Butter',13),
('Water',14),
('Ceral',15),
('Baking',16),
('Cigerettes',17),
('Milk',18),
('Coffee',19),
('Tea',20),
('Pasta',21),
('Bread',22);

insert into Products (supplier, quantity, shelfid) values
('Brennans', 100, 22),
('Avenmore', 30, 18),
('co-op', 10, 12),
('Coke', 20, 2),
('Cadbury', 24, 7),
('Kellogs', 60, 15),
('Kettle', 8, 5),
('Dove', 1, 9),
('Evian', 36, 14),
('Dairygold', 32, 1);


insert into Staff (nameA, phoneNo, staffid) values
('Sarah', 0891234567, 1),
('Katie', 0891354567, 2),
('Ollie', 0825234567, 3),
('Zane', 0891234567, 4),
('Kristin', 0896234567, 5),
('Maria', 0821434567, 6),
('Tina', 0831334567, 7),
('Emily', 0821239067, 8),
('Erick', 0841234537, 9),
('Trisha', 0881844567, 10),
('Morris', 08612326567, 11),
('Isla', 0841238667, 12),
('Kegan', 0821230067, 13),
('Margret', 0811246567, 14),
('Paxton', 0851231567, 15),
('Rebecca', 08312324567, 16),
('Kaleb', 0821212367, 17),
('Aaron', 0801237467, 18),
('Denny', 0899237467, 19),
('Issy', 0829297867, 20),
('Dylan', 0829211167, 21),
('Shane', 0829123867, 22);


insert into Customer (staffid) values
(1),
(2),
(3),
(4),
(5),
(6),
(7),
(8),
(9),
(10),
(11),
(12),
(13),
(14),
(15),
(16),
(17),
(18),
(19),
(20),
(21),
(22);


insert into Payments (method) values
('Card'),
('Cash'),
('Cheque'),
('Voucher'),
('Coupon'),
('Recipt');



insert into Roster (nameB, days,staffid,  dates) values
('Sarah', 'Monday', 1, "2021-12-13"),
('Katie', 'Monday', 2, "2021-12-20"),
('Ollie', 'Wedensday', 3, "2021-12-15"),
('Zane', 'Monday', 4, "2021-12-27"),
('Kristin', 'Tuesday', 5, "2021-12-14"),
('Maria', 'Sunday', 6, "2021-12-19"),
('Tina', 'Thursday', 7, "2021-12-16"),
('Emily', 'Tuesday', 8, "2021-12-21"),
('Erick', 'Wedensday', 9, "2021-12-22"),
('Trisha', 'Thursday', 10, "2021-12-29"),
('Morris', 'Saterday',11, "2021-12-18"),
('Isla', 'Saterday', 12, "2021-12-25"),
('Kegan', 'Monday', 13, "2022-1-3"),
('Margret', 'Saterday', 14, "2021-12-4"),
('Paxton', 'Monday', 15, "2022-1-10"),
('Rebecca', 'Friday', 16, "2021-12-17"),
('Kaleb', 'Tuesday', 17, "2021-12-7"),
('Aaron', 'Thursday', 18, "2021-12-23"),
('Denny', 'Sunday', 19, "2021-12-26"),
('Issy', 'Tuesday', 20, "2022-1-4"),
('Dylan', 'Saterday', 21, "2022-1-1"),
('Shane', 'Sunday', 22, "2022-1-2");